{ "skeleton": { "images": "D:/исходники/VFX/fire/fire1/" },
"PhotoshopToSpine": { "scale": 0.71, "padding": 1, "trim": true },
"bones": [
	{ "name": "root" }
],
"slots": [
	{ "name": "4_00042", "bone": "root", "attachment": "4_00042" },
	{ "name": "4_00001", "bone": "root", "attachment": "4_00001" },
	{ "name": "4_00002", "bone": "root", "attachment": "4_00002" },
	{ "name": "4_00003", "bone": "root", "attachment": "4_00003" },
	{ "name": "4_00004", "bone": "root", "attachment": "4_00004" },
	{ "name": "4_00005", "bone": "root", "attachment": "4_00005" },
	{ "name": "4_00006", "bone": "root", "attachment": "4_00006" },
	{ "name": "4_00007", "bone": "root", "attachment": "4_00007" },
	{ "name": "4_00008", "bone": "root", "attachment": "4_00008" },
	{ "name": "4_00009", "bone": "root", "attachment": "4_00009" },
	{ "name": "4_00010", "bone": "root", "attachment": "4_00010" },
	{ "name": "4_00011", "bone": "root", "attachment": "4_00011" },
	{ "name": "4_00012", "bone": "root", "attachment": "4_00012" },
	{ "name": "4_00013", "bone": "root", "attachment": "4_00013" },
	{ "name": "4_00014", "bone": "root", "attachment": "4_00014" },
	{ "name": "4_00015", "bone": "root", "attachment": "4_00015" },
	{ "name": "4_00016", "bone": "root", "attachment": "4_00016" },
	{ "name": "4_00017", "bone": "root", "attachment": "4_00017" },
	{ "name": "4_00018", "bone": "root", "attachment": "4_00018" },
	{ "name": "4_00019", "bone": "root", "attachment": "4_00019" },
	{ "name": "4_00020", "bone": "root", "attachment": "4_00020" },
	{ "name": "4_00021", "bone": "root", "attachment": "4_00021" },
	{ "name": "4_00022", "bone": "root", "attachment": "4_00022" },
	{ "name": "4_00023", "bone": "root", "attachment": "4_00023" },
	{ "name": "4_00024", "bone": "root", "attachment": "4_00024" },
	{ "name": "4_00025", "bone": "root", "attachment": "4_00025" },
	{ "name": "4_00026", "bone": "root", "attachment": "4_00026" },
	{ "name": "4_00027", "bone": "root", "attachment": "4_00027" },
	{ "name": "4_00028", "bone": "root", "attachment": "4_00028" },
	{ "name": "4_00029", "bone": "root", "attachment": "4_00029" },
	{ "name": "4_00030", "bone": "root", "attachment": "4_00030" },
	{ "name": "4_00031", "bone": "root", "attachment": "4_00031" },
	{ "name": "4_00032", "bone": "root", "attachment": "4_00032" },
	{ "name": "4_00033", "bone": "root", "attachment": "4_00033" },
	{ "name": "4_00034", "bone": "root", "attachment": "4_00034" },
	{ "name": "4_00035", "bone": "root", "attachment": "4_00035" },
	{ "name": "4_00036", "bone": "root", "attachment": "4_00036" },
	{ "name": "4_00037", "bone": "root", "attachment": "4_00037" },
	{ "name": "4_00038", "bone": "root", "attachment": "4_00038" },
	{ "name": "4_00039", "bone": "root", "attachment": "4_00039" },
	{ "name": "4_00040", "bone": "root", "attachment": "4_00040" },
	{ "name": "4_00041", "bone": "root", "attachment": "4_00041" }
],
"skins": {
	"default": {
		"4_00042": {
			"4_00042": { "x": 594.83, "y": -530.19, "width": 236, "height": 368 }
		},
		"4_00001": {
			"4_00001": { "x": 594.83, "y": -547.94, "width": 236, "height": 368 }
		},
		"4_00002": {
			"4_00002": { "x": 595.75, "y": -544.76, "width": 235, "height": 373 }
		},
		"4_00003": {
			"4_00003": { "x": 595.96, "y": -529.65, "width": 234, "height": 401 }
		},
		"4_00004": {
			"4_00004": { "x": 597.09, "y": -515.04, "width": 232, "height": 430 }
		},
		"4_00005": {
			"4_00005": { "x": 598.22, "y": -503.61, "width": 230, "height": 454 }
		},
		"4_00006": {
			"4_00006": { "x": 599.35, "y": -497.96, "width": 228, "height": 464 }
		},
		"4_00007": {
			"4_00007": { "x": 602.85, "y": -493.23, "width": 235, "height": 473 }
		},
		"4_00008": {
			"4_00008": { "x": 610.35, "y": -489, "width": 250, "height": 483 }
		},
		"4_00009": {
			"4_00009": { "x": 616.85, "y": -484.48, "width": 263, "height": 491 }
		},
		"4_00010": {
			"4_00010": { "x": 621.14, "y": -480.46, "width": 273, "height": 500 }
		},
		"4_00011": {
			"4_00011": { "x": 622.22, "y": -474.81, "width": 278, "height": 510 }
		},
		"4_00012": {
			"4_00012": { "x": 618.22, "y": -469.45, "width": 270, "height": 522 }
		},
		"4_00013": {
			"4_00013": { "x": 610.72, "y": -463.8, "width": 255, "height": 532 }
		},
		"4_00014": {
			"4_00014": { "x": 604.72, "y": -458.44, "width": 243, "height": 544 }
		},
		"4_00015": {
			"4_00015": { "x": 602.72, "y": -453.71, "width": 239, "height": 553 }
		},
		"4_00016": {
			"4_00016": { "x": 602.22, "y": -448.56, "width": 238, "height": 564 }
		},
		"4_00017": {
			"4_00017": { "x": 602.22, "y": -444.04, "width": 238, "height": 572 }
		},
		"4_00018": {
			"4_00018": { "x": 602.72, "y": -440.44, "width": 239, "height": 579 }
		},
		"4_00019": {
			"4_00019": { "x": 602.72, "y": -436.84, "width": 239, "height": 586 }
		},
		"4_00020": {
			"4_00020": { "x": 603.22, "y": -438.18, "width": 240, "height": 583 }
		},
		"4_00021": {
			"4_00021": { "x": 603.64, "y": -441.78, "width": 238, "height": 576 }
		},
		"4_00022": {
			"4_00022": { "x": 604.64, "y": -592.11, "width": 240, "height": 276 }
		},
		"4_00023": {
			"4_00023": { "x": 603.22, "y": -589.43, "width": 240, "height": 282 }
		},
		"4_00024": {
			"4_00024": { "x": 600.46, "y": -584.7, "width": 243, "height": 291 }
		},
		"4_00025": {
			"4_00025": { "x": 598.12, "y": -577.71, "width": 244, "height": 304 }
		},
		"4_00026": {
			"4_00026": { "x": 595.57, "y": -570.09, "width": 246, "height": 320 }
		},
		"4_00027": {
			"4_00027": { "x": 595.2, "y": -561.76, "width": 241, "height": 336 }
		},
		"4_00028": {
			"4_00028": { "x": 595.83, "y": -555.69, "width": 238, "height": 348 }
		},
		"4_00029": {
			"4_00029": { "x": 596.46, "y": -550.75, "width": 235, "height": 358 }
		},
		"4_00030": {
			"4_00030": { "x": 596.25, "y": -545.39, "width": 236, "height": 370 }
		},
		"4_00031": {
			"4_00031": { "x": 575.99, "y": -523.37, "width": 275, "height": 414 }
		},
		"4_00032": {
			"4_00032": { "x": 563.85, "y": -504.03, "width": 299, "height": 452 }
		},
		"4_00033": {
			"4_00033": { "x": 566.11, "y": -492.6, "width": 295, "height": 476 }
		},
		"4_00034": {
			"4_00034": { "x": 571.47, "y": -482.22, "width": 283, "height": 495 }
		},
		"4_00035": {
			"4_00035": { "x": 578.88, "y": -473.05, "width": 268, "height": 515 }
		},
		"4_00036": {
			"4_00036": { "x": 588.13, "y": -463.59, "width": 251, "height": 533 }
		},
		"4_00037": {
			"4_00037": { "x": 595.75, "y": -453.79, "width": 235, "height": 556 }
		},
		"4_00038": {
			"4_00038": { "x": 599.35, "y": -441.44, "width": 228, "height": 581 }
		},
		"4_00039": {
			"4_00039": { "x": 598.01, "y": -428.17, "width": 231, "height": 607 }
		},
		"4_00040": {
			"4_00040": { "x": 595.96, "y": -428.17, "width": 234, "height": 607 }
		},
		"4_00041": {
			"4_00041": { "x": 595.75, "y": -548.15, "width": 235, "height": 367 }
		}
	}
},
"animations": { "animation": {} }
}