{ "skeleton": { "images": "D:/исходники/VFX/piu2/SEK2/IMAGES/" },
"PhotoshopToSpine": { "scale": 0.71, "padding": 1, "trim": true },
"bones": [
	{ "name": "root" }
],
"slots": [
	{ "name": "SEK2_00024", "bone": "root", "attachment": "SEK2_00024" },
	{ "name": "SEK2_00001", "bone": "root", "attachment": "SEK2_00001" },
	{ "name": "SEK2_00002", "bone": "root", "attachment": "SEK2_00002" },
	{ "name": "SEK2_00003", "bone": "root", "attachment": "SEK2_00003" },
	{ "name": "SEK2_00004", "bone": "root", "attachment": "SEK2_00004" },
	{ "name": "SEK2_00005", "bone": "root", "attachment": "SEK2_00005" },
	{ "name": "SEK2_00006", "bone": "root", "attachment": "SEK2_00006" },
	{ "name": "SEK2_00007", "bone": "root", "attachment": "SEK2_00007" },
	{ "name": "SEK2_00008", "bone": "root", "attachment": "SEK2_00008" },
	{ "name": "SEK2_00009", "bone": "root", "attachment": "SEK2_00009" },
	{ "name": "SEK2_00010", "bone": "root", "attachment": "SEK2_00010" },
	{ "name": "SEK2_00011", "bone": "root", "attachment": "SEK2_00011" },
	{ "name": "SEK2_00012", "bone": "root", "attachment": "SEK2_00012" },
	{ "name": "SEK2_00013", "bone": "root", "attachment": "SEK2_00013" },
	{ "name": "SEK2_00014", "bone": "root", "attachment": "SEK2_00014" },
	{ "name": "SEK2_00015", "bone": "root", "attachment": "SEK2_00015" },
	{ "name": "SEK2_00016", "bone": "root", "attachment": "SEK2_00016" },
	{ "name": "SEK2_00017", "bone": "root", "attachment": "SEK2_00017" },
	{ "name": "SEK2_00018", "bone": "root", "attachment": "SEK2_00018" },
	{ "name": "SEK2_00019", "bone": "root", "attachment": "SEK2_00019" },
	{ "name": "SEK2_00020", "bone": "root", "attachment": "SEK2_00020" },
	{ "name": "SEK2_00021", "bone": "root", "attachment": "SEK2_00021" },
	{ "name": "SEK2_00022", "bone": "root", "attachment": "SEK2_00022" },
	{ "name": "SEK2_00023", "bone": "root", "attachment": "SEK2_00023" }
],
"skins": {
	"default": {
		"SEK2_00024": {
			"SEK2_00024": { "x": 717.35, "y": -430.85, "width": 464, "height": 317 }
		},
		"SEK2_00001": {
			"SEK2_00001": { "x": 717.35, "y": -430.85, "width": 464, "height": 317 }
		},
		"SEK2_00002": {
			"SEK2_00002": { "x": 745.35, "y": -452.76, "width": 520, "height": 331 }
		},
		"SEK2_00003": {
			"SEK2_00003": { "x": 828.35, "y": -489.76, "width": 686, "height": 334 }
		},
		"SEK2_00004": {
			"SEK2_00004": { "x": 815.35, "y": -526.65, "width": 660, "height": 324 }
		},
		"SEK2_00005": {
			"SEK2_00005": { "x": 785.35, "y": -554.94, "width": 600, "height": 311 }
		},
		"SEK2_00006": {
			"SEK2_00006": { "x": 745.35, "y": -561.2, "width": 520, "height": 315 }
		},
		"SEK2_00007": {
			"SEK2_00007": { "x": 705.35, "y": -554.2, "width": 440, "height": 301 }
		},
		"SEK2_00008": {
			"SEK2_00008": { "x": 675.35, "y": -523.43, "width": 380, "height": 292 }
		},
		"SEK2_00009": {
			"SEK2_00009": { "x": 663.35, "y": -486.06, "width": 356, "height": 284 }
		},
		"SEK2_00010": {
			"SEK2_00010": { "x": 674.35, "y": -450.77, "width": 378, "height": 283 }
		},
		"SEK2_00011": {
			"SEK2_00011": { "x": 745.35, "y": -436, "width": 520, "height": 306 }
		},
		"SEK2_00012": {
			"SEK2_00012": { "x": 828.35, "y": -430.85, "width": 686, "height": 317 }
		},
		"SEK2_00013": {
			"SEK2_00013": { "x": 815.35, "y": -443.35, "width": 660, "height": 342 }
		},
		"SEK2_00014": {
			"SEK2_00014": { "x": 785.35, "y": -467.76, "width": 600, "height": 361 }
		},
		"SEK2_00015": {
			"SEK2_00015": { "x": 745.35, "y": -502.76, "width": 520, "height": 360 }
		},
		"SEK2_00016": {
			"SEK2_00016": { "x": 705.35, "y": -536.65, "width": 440, "height": 344 }
		},
		"SEK2_00017": {
			"SEK2_00017": { "x": 716.35, "y": -558.94, "width": 462, "height": 319 }
		},
		"SEK2_00018": {
			"SEK2_00018": { "x": 716.35, "y": -561.2, "width": 462, "height": 315 }
		},
		"SEK2_00019": {
			"SEK2_00019": { "x": 699.35, "y": -554.2, "width": 428, "height": 301 }
		},
		"SEK2_00020": {
			"SEK2_00020": { "x": 745.35, "y": -523.43, "width": 520, "height": 292 }
		},
		"SEK2_00021": {
			"SEK2_00021": { "x": 828.35, "y": -486.06, "width": 686, "height": 284 }
		},
		"SEK2_00022": {
			"SEK2_00022": { "x": 815.35, "y": -450.77, "width": 660, "height": 283 }
		},
		"SEK2_00023": {
			"SEK2_00023": { "x": 785.35, "y": -436, "width": 600, "height": 306 }
		}
	}
},
"animations": { "animation": {} }
}