{ "skeleton": { "images": "D:/исходники/VFX/s/slash8/image/" },
"PhotoshopToSpine": { "scale": 0.71, "padding": 1, "trim": true },
"bones": [
	{ "name": "root" }
],
"slots": [
	{ "name": "slash8_00004", "bone": "root", "attachment": "slash8_00004" },
	{ "name": "slash8_00005", "bone": "root", "attachment": "slash8_00005" },
	{ "name": "slash8_00006", "bone": "root", "attachment": "slash8_00006" },
	{ "name": "slash8_00007", "bone": "root", "attachment": "slash8_00007" },
	{ "name": "slash8_00008", "bone": "root", "attachment": "slash8_00008" },
	{ "name": "slash8_00001", "bone": "root", "attachment": "slash8_00001" },
	{ "name": "slash8_00002", "bone": "root", "attachment": "slash8_00002" },
	{ "name": "slash8_00003", "bone": "root", "attachment": "slash8_00003" }
],
"skins": {
	"default": {
		"slash8_00004": {
			"slash8_00004": { "x": 304.34, "y": -237.72, "width": 37, "height": 77 }
		},
		"slash8_00005": {
			"slash8_00005": { "x": 309.23, "y": -215.09, "width": 34, "height": 107 }
		},
		"slash8_00006": {
			"slash8_00006": { "x": 326.12, "y": -174.56, "width": 55, "height": 158 }
		},
		"slash8_00007": {
			"slash8_00007": { "x": 329.04, "y": -149.07, "width": 58, "height": 134 }
		},
		"slash8_00008": {
			"slash8_00008": { "x": 333.17, "y": -128.29, "width": 62, "height": 118 }
		},
		"slash8_00001": {
			"slash8_00001": { "x": 254.64, "y": -282.3, "width": 37, "height": 27 }
		},
		"slash8_00002": {
			"slash8_00002": { "x": 281.75, "y": -276.7, "width": 33, "height": 30 }
		},
		"slash8_00003": {
			"slash8_00003": { "x": 293.11, "y": -260.35, "width": 33, "height": 47 }
		}
	}
},
"animations": { "animation": {} }
}