{ "skeleton": { "images": "D:/исходники/Water/water2/image/" },
"PhotoshopToSpine": { "scale": 0.71, "padding": 1, "trim": true },
"bones": [
	{ "name": "root" }
],
"slots": [
	{ "name": "warer20001", "bone": "root", "attachment": "warer20001" },
	{ "name": "warer20002", "bone": "root", "attachment": "warer20002" },
	{ "name": "warer20003", "bone": "root", "attachment": "warer20003" },
	{ "name": "warer20004", "bone": "root", "attachment": "warer20004" },
	{ "name": "warer20005", "bone": "root", "attachment": "warer20005" },
	{ "name": "warer20006", "bone": "root", "attachment": "warer20006" },
	{ "name": "warer20007", "bone": "root", "attachment": "warer20007" },
	{ "name": "warer20008", "bone": "root", "attachment": "warer20008" },
	{ "name": "warer20009", "bone": "root", "attachment": "warer20009" },
	{ "name": "warer20010", "bone": "root", "attachment": "warer20010" },
	{ "name": "warer20011", "bone": "root", "attachment": "warer20011" },
	{ "name": "warer20012", "bone": "root", "attachment": "warer20012" },
	{ "name": "warer20013", "bone": "root", "attachment": "warer20013" },
	{ "name": "warer20014", "bone": "root", "attachment": "warer20014" },
	{ "name": "warer20015", "bone": "root", "attachment": "warer20015" },
	{ "name": "warer20016", "bone": "root", "attachment": "warer20016" },
	{ "name": "warer20000", "bone": "root", "attachment": "warer20000" }
],
"skins": {
	"default": {
		"warer20001": {
			"warer20001": { "x": 315.45, "y": -311.3, "width": 72, "height": 14 }
		},
		"warer20002": {
			"warer20002": { "x": 328.68, "y": -304.07, "width": 80, "height": 18 }
		},
		"warer20003": {
			"warer20003": { "x": 331.6, "y": -302.73, "width": 83, "height": 21 }
		},
		"warer20004": {
			"warer20004": { "x": 334, "y": -295.19, "width": 102, "height": 40 }
		},
		"warer20005": {
			"warer20005": { "x": 336.29, "y": -290.88, "width": 108, "height": 47 }
		},
		"warer20006": {
			"warer20006": { "x": 338.08, "y": -285.31, "width": 113, "height": 60 }
		},
		"warer20007": {
			"warer20007": { "x": 337.79, "y": -275.14, "width": 111, "height": 78 }
		},
		"warer20008": {
			"warer20008": { "x": 339.58, "y": -274.85, "width": 116, "height": 76 }
		},
		"warer20009": {
			"warer20009": { "x": 342.21, "y": -269.62, "width": 117, "height": 84 }
		},
		"warer20010": {
			"warer20010": { "x": 342, "y": -262.68, "width": 118, "height": 90 }
		},
		"warer20011": {
			"warer20011": { "x": 344.76, "y": -255.4, "width": 115, "height": 101 }
		},
		"warer20012": {
			"warer20012": { "x": 347.73, "y": -250.59, "width": 111, "height": 107 }
		},
		"warer20013": {
			"warer20013": { "x": 343.34, "y": -248.28, "width": 115, "height": 118 }
		},
		"warer20014": {
			"warer20014": { "x": 315.38, "y": -300.13, "width": 96, "height": 30 }
		},
		"warer20015": {
			"warer20015": { "x": 292.12, "y": -316.19, "width": 58, "height": 11 }
		},
		"warer20016": {
			"warer20016": { "x": 291.28, "y": -314.35, "width": 62, "height": 13 }
		},
		"warer20000": {
			"warer20000": { "x": 291.28, "y": -314.35, "width": 62, "height": 13 }
		}
	}
},
"animations": { "animation": {} }
}